p_key	p_value	log10_p	p_token	p_label	role	mi_cutoff	validation_class	calibration_point_class	tail_extrapolated	commit	model_sha256	manifest_sha256
p1e-07	1e-07	-7	1e-7	1e-7	original-default	0.322464995632	gpd-tail-extrapolation-below-held-out-range	outside-held-out-range	True	7633ebb4a0d966dbda15a4e32d0efa492fb71aeb	e3a8522682a8ea239821aaa10b12db72d00e07bfdcad43599d8e76a06be80944	0a185aa1f8b0bc7c39dd4283160470abdf36056b06fa51d5ab742d1af57b6bee
p1e-06	1e-06	-6	1e-6	1e-6	extrapolated-grid	0.288001370282	gpd-tail-extrapolation-below-held-out-range	outside-held-out-range	True	7633ebb4a0d966dbda15a4e32d0efa492fb71aeb	e3a8522682a8ea239821aaa10b12db72d00e07bfdcad43599d8e76a06be80944	b277897e5c4122581d2c208862aee826a03875d2df50f8f3633db9cf7223e5ab
p1e-05	1e-05	-5	1e-5	1e-5	extrapolated-grid	0.247951248117	gpd-tail-extrapolation-below-held-out-range	outside-held-out-range	True	7633ebb4a0d966dbda15a4e32d0efa492fb71aeb	e3a8522682a8ea239821aaa10b12db72d00e07bfdcad43599d8e76a06be80944	ae17cf0d1e305c21161a3f70f30b7b89286901648b93a61bcac1ed43c33769ad
p2e-05	2e-05	-4.69897000434	2e-5	2e-5	direct-validation-boundary	0.23466862683	independent-held-out-validated	exact-gate2-grid	False	7633ebb4a0d966dbda15a4e32d0efa492fb71aeb	e3a8522682a8ea239821aaa10b12db72d00e07bfdcad43599d8e76a06be80944	c9cb92695842d34d08ff87b770255fc7723d1add5683f09f6869e564240e2faa
p5e-05	5e-05	-4.30102999566	5e-5	5e-5	validated-grid	0.21616228012	independent-held-out-validated	exact-gate2-grid	False	7633ebb4a0d966dbda15a4e32d0efa492fb71aeb	e3a8522682a8ea239821aaa10b12db72d00e07bfdcad43599d8e76a06be80944	712ca80ead82170a3de84cf24270b94a0fb2f572ceba9c4b18105bd2d80b958d
p1e-04	0.0001	-4	1e-4	1e-4	validated-grid	0.201409067221	independent-held-out-validated	exact-gate2-grid	False	7633ebb4a0d966dbda15a4e32d0efa492fb71aeb	e3a8522682a8ea239821aaa10b12db72d00e07bfdcad43599d8e76a06be80944	21c95b3b0a579b0bba03781404bf79f92bf7ce0b9b732e7094e826d1fdb6364c
p2e-04	0.0002	-3.69897000434	2e-4	2e-4	validated-grid	0.185973354936	independent-held-out-validated	exact-gate2-grid	False	7633ebb4a0d966dbda15a4e32d0efa492fb71aeb	e3a8522682a8ea239821aaa10b12db72d00e07bfdcad43599d8e76a06be80944	21d5e80c0681156158da43281062a603bc3e924d71861598c64edd1149b2cf05
p3e-04	0.0003	-3.52287874528	3e-4	3e-4	validated-grid	0.176615102822	independent-held-out-validated	interpolation-within-accepted-range	False	7633ebb4a0d966dbda15a4e32d0efa492fb71aeb	e3a8522682a8ea239821aaa10b12db72d00e07bfdcad43599d8e76a06be80944	45506c18f3a8ac82a4f28e684b5fc247c54c1989392cb2c76054cf486bbcd052
p_pr66_cutoff_match	0.000352804562602	-3.45246580704	0.000352804562601613	3.528045626e-4	pr66-cutoff-match	0.172803215157	independent-held-out-validated	interpolation-within-accepted-range	False	7633ebb4a0d966dbda15a4e32d0efa492fb71aeb	e3a8522682a8ea239821aaa10b12db72d00e07bfdcad43599d8e76a06be80944	8f390d7b798a75bd65c1c3216597dcf4be1f64621e79d5eed1c049632c624e9d
